{"stats":{"minecraft:dropped":{"minecraft:wooden_pickaxe":1},"minecraft:used":{"minecraft:crafting_table":1,"minecraft:wooden_pickaxe":2},"minecraft:mined":{"minecraft:oak_log":5,"minecraft:oak_leaves":2,"minecraft:crafting_table":1},"minecraft:custom":{"minecraft:time_since_rest":7773,"minecraft:crouch_one_cm":1193,"minecraft:sprint_one_cm":10013,"minecraft:play_time":7773,"minecraft:damage_taken":168,"minecraft:walk_one_cm":14398,"minecraft:sneak_time":825,"minecraft:drop":1,"minecraft:jump":83,"minecraft:damage_dealt":94,"minecraft:leave_game":4,"minecraft:time_since_death":7773,"minecraft:total_world_time":7773,"minecraft:interact_with_crafting_table":1,"minecraft:fall_one_cm":1916,"minecraft:fly_one_cm":9926},"minecraft:picked_up":{"minecraft:stick":1,"minecraft:crafting_table":1,"minecraft:oak_log":5,"minecraft:oak_sapling":1},"minecraft:crafted":{"minecraft:oak_planks":20,"minecraft:crafting_table":1,"minecraft:stick":8,"minecraft:wooden_pickaxe":1}},"DataVersion":3953}