{"stats":{"minecraft:killed_by":{"minecraft:zombie":2},"minecraft:dropped":{"minecraft:wooden_pickaxe":1},"minecraft:used":{"minecraft:crafting_table":1,"minecraft:wooden_pickaxe":2},"minecraft:mined":{"minecraft:oak_log":5,"minecraft:oak_leaves":2,"minecraft:crafting_table":1},"minecraft:custom":{"minecraft:time_since_rest":150,"minecraft:crouch_one_cm":1241,"minecraft:damage_taken":513,"minecraft:play_time":12843,"minecraft:sprint_one_cm":21042,"minecraft:deaths":2,"minecraft:walk_one_cm":22652,"minecraft:sneak_time":836,"minecraft:drop":1,"minecraft:jump":177,"minecraft:damage_dealt":162,"minecraft:leave_game":7,"minecraft:time_since_death":0,"minecraft:total_world_time":12843,"minecraft:interact_with_crafting_table":1,"minecraft:fall_one_cm":4853,"minecraft:fly_one_cm":21161},"minecraft:picked_up":{"minecraft:crafting_table":1,"minecraft:stick":1,"minecraft:oak_log":5,"minecraft:oak_sapling":1},"minecraft:crafted":{"minecraft:oak_planks":20,"minecraft:crafting_table":1,"minecraft:stick":8,"minecraft:wooden_pickaxe":1}},"DataVersion":3953}