{"stats":{"minecraft:dropped":{"minecraft:stick":1,"minecraft:oak_sapling":1},"minecraft:used":{"minecraft:oak_log":1,"minecraft:dirt":1,"minecraft:oak_sapling":1,"minecraft:wooden_pickaxe":3,"minecraft:egg":1},"minecraft:mined":{"minecraft:short_grass":5,"minecraft:grass_block":1,"minecraft:oak_log":17,"minecraft:stone":3,"minecraft:oak_leaves":4},"minecraft:custom":{"minecraft:time_since_rest":1114,"minecraft:damage_taken":245,"minecraft:crouch_one_cm":184,"minecraft:play_time":12252,"minecraft:sprint_one_cm":24283,"minecraft:deaths":1,"minecraft:walk_one_cm":29706,"minecraft:sneak_time":122,"minecraft:drop":2,"minecraft:jump":179,"minecraft:damage_dealt":39,"minecraft:leave_game":3,"minecraft:time_since_death":1082,"minecraft:total_world_time":12252,"minecraft:fall_one_cm":4385,"minecraft:fly_one_cm":28938},"minecraft:picked_up":{"minecraft:stick":1,"minecraft:wooden_pickaxe":1,"minecraft:oak_log":17,"minecraft:oak_sapling":2,"minecraft:dirt":1,"minecraft:cobblestone":3,"minecraft:egg":1}},"DataVersion":3953}