{"stats":{"minecraft:dropped":{"minecraft:oak_sapling":1,"minecraft:stick":1},"minecraft:used":{"minecraft:oak_log":1,"minecraft:oak_sapling":1,"minecraft:wooden_pickaxe":3},"minecraft:mined":{"minecraft:oak_log":17,"minecraft:stone":3,"minecraft:oak_leaves":4},"minecraft:custom":{"minecraft:time_since_rest":8710,"minecraft:crouch_one_cm":184,"minecraft:play_time":8710,"minecraft:sprint_one_cm":9909,"minecraft:damage_taken":205,"minecraft:walk_one_cm":20949,"minecraft:sneak_time":122,"minecraft:drop":2,"minecraft:jump":92,"minecraft:damage_dealt":29,"minecraft:leave_game":1,"minecraft:time_since_death":8710,"minecraft:total_world_time":8710,"minecraft:fall_one_cm":2057,"minecraft:fly_one_cm":15224},"minecraft:picked_up":{"minecraft:stick":1,"minecraft:wooden_pickaxe":1,"minecraft:oak_log":17,"minecraft:oak_sapling":2,"minecraft:cobblestone":3}},"DataVersion":3953}