{"stats":{"minecraft:dropped":{"minecraft:wooden_pickaxe":1},"minecraft:used":{"minecraft:cooked_mutton":2,"minecraft:stone_pickaxe":10,"minecraft:wooden_pickaxe":7,"minecraft:stone_axe":32,"minecraft:dirt":8,"minecraft:crafting_table":2,"minecraft:oak_sapling":3,"minecraft:furnace":1},"minecraft:mined":{"minecraft:furnace":1,"minecraft:crafting_table":2,"minecraft:short_grass":2,"minecraft:grass_block":3,"minecraft:oak_log":19,"minecraft:dirt":5,"minecraft:stone":15,"minecraft:oak_leaves":4},"minecraft:custom":{"minecraft:time_since_rest":10001,"minecraft:interact_with_furnace":3,"minecraft:sprint_one_cm":20971,"minecraft:damage_taken":108,"minecraft:walk_one_cm":18192,"minecraft:mob_kills":6,"minecraft:drop":1,"minecraft:damage_dealt":868,"minecraft:interact_with_crafting_table":3,"minecraft:fly_one_cm":24815,"minecraft:play_time":10001,"minecraft:jump":167,"minecraft:leave_game":5,"minecraft:time_since_death":10001,"minecraft:total_world_time":10001,"minecraft:fall_one_cm":4275},"minecraft:picked_up":{"minecraft:crafting_table":2,"minecraft:porkchop":6,"minecraft:oak_log":19,"minecraft:dirt":8,"minecraft:oak_sapling":3,"minecraft:mutton":2,"minecraft:white_wool":2,"minecraft:cobblestone":15,"minecraft:furnace":1},"minecraft:crafted":{"minecraft:oak_planks":72,"minecraft:crafting_table":1,"minecraft:stick":8,"minecraft:wooden_pickaxe":1,"minecraft:stone_pickaxe":1,"minecraft:furnace":1,"minecraft:stone_axe":1,"minecraft:cooked_mutton":2,"minecraft:air":0},"minecraft:killed":{"minecraft:sheep":3,"minecraft:pig":3}},"DataVersion":3953}