{"stats":{"minecraft:dropped":{"minecraft:wooden_pickaxe":1},"minecraft:used":{"minecraft:cooked_mutton":2,"minecraft:stone_pickaxe":39,"minecraft:shield":6,"minecraft:wooden_pickaxe":7,"minecraft:stone_axe":41,"minecraft:dirt":9,"minecraft:cobblestone":4,"minecraft:crafting_table":3,"minecraft:furnace":2,"minecraft:oak_sapling":3,"minecraft:cooked_porkchop":1},"minecraft:mined":{"minecraft:furnace":2,"minecraft:iron_ore":6,"minecraft:crafting_table":3,"minecraft:short_grass":2,"minecraft:coal_ore":17,"minecraft:grass_block":3,"minecraft:oak_log":19,"minecraft:dirt":6,"minecraft:cobblestone":2,"minecraft:stone":18,"minecraft:oak_leaves":4},"minecraft:custom":{"minecraft:time_since_rest":16910,"minecraft:interact_with_furnace":14,"minecraft:sprint_one_cm":31031,"minecraft:damage_taken":298,"minecraft:walk_one_cm":30368,"minecraft:damage_blocked_by_shield":165,"minecraft:mob_kills":9,"minecraft:drop":1,"minecraft:damage_dealt":1468,"minecraft:interact_with_crafting_table":8,"minecraft:fly_one_cm":43183,"minecraft:play_time":16910,"minecraft:jump":275,"minecraft:leave_game":6,"minecraft:time_since_death":16910,"minecraft:total_world_time":16910,"minecraft:fall_one_cm":9572},"minecraft:picked_up":{"minecraft:raw_iron":6,"minecraft:crafting_table":3,"minecraft:porkchop":6,"minecraft:oak_log":19,"minecraft:dirt":9,"minecraft:rotten_flesh":2,"minecraft:oak_sapling":3,"minecraft:coal":17,"minecraft:mutton":2,"minecraft:white_wool":2,"minecraft:cobblestone":20,"minecraft:furnace":2},"minecraft:crafted":{"minecraft:oak_planks":72,"minecraft:cooked_porkchop":6,"minecraft:shield":1,"minecraft:crafting_table":1,"minecraft:stick":8,"minecraft:iron_ingot":6,"minecraft:wooden_pickaxe":1,"minecraft:stone_pickaxe":1,"minecraft:furnace":1,"minecraft:stone_axe":1,"minecraft:cooked_mutton":2,"minecraft:air":0},"minecraft:killed":{"minecraft:skeleton":1,"minecraft:sheep":3,"minecraft:zombie":2,"minecraft:pig":3}},"DataVersion":3953}